season,week,date,home_team,away_team,home_score,away_score,home_win,rolling_form_home,rolling_form_away,rest_days_home,rest_days_away,divisional,thursday_game,international,travel_miles,spread,total
2023,1,2023-09-08T00:20Z,Kansas City Chiefs,Detroit Lions,20,21,0,0.5,0.5,7,7,0,1,0,0,-6.5,53
2023,1,2023-09-10T17:00Z,Atlanta Falcons,Carolina Panthers,24,10,1,0.5,0.5,7,7,1,0,0,0,-2.5,39
2023,1,2023-09-10T17:00Z,Cleveland Browns,Cincinnati Bengals,24,3,1,0.5,0.5,7,7,1,0,0,0,2.5,47.5
2023,1,2023-09-10T17:00Z,Indianapolis Colts,Jacksonville Jaguars,21,31,0,0.5,0.5,7,7,1,0,0,0,3.5,46.5
2023,1,2023-09-10T17:00Z,Minnesota Vikings,Tampa Bay Buccaneers,17,20,0,0.5,0.5,7,7,0,0,0,0,-7,45.5
2023,1,2023-09-10T17:00Z,New Orleans Saints,Tennessee Titans,16,15,1,0.5,0.5,7,7,0,0,0,0,-3.5,41.5
2023,1,2023-09-10T17:00Z,Pittsburgh Steelers,San Francisco 49ers,7,30,0,0.5,0.5,7,7,0,0,0,0,3,41.5
2023,1,2023-09-10T17:00Z,Washington Commanders,Arizona Cardinals,20,16,1,0.5,0.5,7,7,0,0,0,0,-5.5,38
2023,1,2023-09-10T17:00Z,Baltimore Ravens,Houston Texans,25,9,1,0.5,0.5,7,7,0,0,0,0,-9,43.5
2023,1,2023-09-10T20:25Z,Chicago Bears,Green Bay Packers,20,38,0,0.5,0.5,7,7,1,0,0,0,-2.5,42
2023,1,2023-09-10T20:25Z,Denver Broncos,Las Vegas Raiders,16,17,0,0.5,0.5,7,7,1,0,0,0,-3.5,44
2023,1,2023-09-10T20:25Z,New England Patriots,Philadelphia Eagles,20,25,0,0.5,0.5,7,7,0,0,0,0,4.5,45
2023,1,2023-09-10T20:25Z,Los Angeles Chargers,Miami Dolphins,34,36,0,0.5,0.5,7,7,0,0,0,0,-2.5,51
2023,1,2023-09-10T20:25Z,Seattle Seahawks,Los Angeles Rams,13,30,0,0.5,0.5,7,7,1,0,0,0,-5.5,46.5
2023,1,2023-09-11T00:20Z,New York Giants,Dallas Cowboys,0,40,0,0.5,0.5,7,7,1,0,0,0,2.5,45
2023,1,2023-09-12T00:15Z,New York Jets,Buffalo Bills,22,16,1,0.5,0.5,7,7,1,0,0,0,2.5,45.5
2023,2,2023-09-15T00:15Z,Philadelphia Eagles,Minnesota Vikings,34,28,1,1,0,4,4,0,1,0,0,-5.5,49
2023,2,2023-09-17T17:00Z,Atlanta Falcons,Green Bay Packers,25,24,1,1,1,7,6,0,0,0,0,1,40.5
2023,2,2023-09-17T17:00Z,Buffalo Bills,Las Vegas Raiders,38,10,1,0,1,5,6,0,0,0,0,-7.5,47
2023,2,2023-09-17T17:00Z,Cincinnati Bengals,Baltimore Ravens,24,27,0,0,1,7,7,1,0,0,0,-3.5,46.5
2023,2,2023-09-17T17:00Z,Detroit Lions,Seattle Seahawks,31,37,0,1,0,9,6,0,0,0,0,-2,47.5
2023,2,2023-09-17T17:00Z,Tennessee Titans,Los Angeles Chargers,27,24,1,0,0,7,6,0,0,0,0,3.5,45
2023,2,2023-09-17T17:00Z,Tampa Bay Buccaneers,Chicago Bears,27,17,1,1,0,7,6,0,0,0,0,1.5,40.5
2023,2,2023-09-17T17:00Z,Jacksonville Jaguars,Kansas City Chiefs,9,17,0,1,0,7,9,0,0,0,0,3,51
2023,2,2023-09-17T17:00Z,Houston Texans,Indianapolis Colts,20,31,0,0,0,7,7,1,0,0,0,-1,39
2023,2,2023-09-17T20:05Z,Los Angeles Rams,San Francisco 49ers,23,30,0,1,1,6,7,1,0,0,0,3,44.5
2023,2,2023-09-17T20:05Z,Arizona Cardinals,New York Giants,28,31,0,0,0,7,6,0,0,0,0,4,39.5
2023,2,2023-09-17T20:25Z,Dallas Cowboys,New York Jets,30,10,1,1,1,6,5,0,0,0,0,-1,38.5
2023,2,2023-09-17T20:25Z,Denver Broncos,Washington Commanders,33,35,0,0,1,7,7,0,0,0,0,-3.5,39
2023,2,2023-09-18T00:20Z,New England Patriots,Miami Dolphins,17,24,0,0,1,7,7,1,0,0,0,1,46.5
2023,2,2023-09-18T23:15Z,Carolina Panthers,New Orleans Saints,17,20,0,0,1,8,8,1,0,0,0,-1,39.5
2023,2,2023-09-19T00:15Z,Pittsburgh Steelers,Cleveland Browns,26,22,1,0,1,8,8,1,0,0,0,-1,38.5
2023,3,2023-09-22T00:15Z,San Francisco 49ers,New York Giants,30,12,1,1,0.5,4,4,0,1,0,0,-4.5,43.5
2023,3,2023-09-24T17:00Z,Cleveland Browns,Tennessee Titans,27,3,1,0.5,0.5,5,7,0,0,0,0,-4.5,39.5
2023,3,2023-09-24T17:00Z,Detroit Lions,Atlanta Falcons,20,6,1,0.5,1,7,7,0,0,0,0,-5,46
2023,3,2023-09-24T17:00Z,Green Bay Packers,New Orleans Saints,18,17,1,0.5,1,7,5,0,0,0,0,-1,42.5
2023,3,2023-09-24T17:00Z,Miami Dolphins,Denver Broncos,70,20,1,1,0,6,6,0,0,0,0,-3.5,48
2023,3,2023-09-24T17:00Z,Minnesota Vikings,Los Angeles Chargers,24,28,0,0,0,9,7,0,0,0,0,1.5,54
2023,3,2023-09-24T17:00Z,New York Jets,New England Patriots,10,15,0,0.5,0,6,6,1,0,0,0,-3.5,36.5
2023,3,2023-09-24T17:00Z,Washington Commanders,Buffalo Bills,3,37,0,1,0.5,6,7,0,0,0,0,4.5,43
2023,3,2023-09-24T17:00Z,Jacksonville Jaguars,Houston Texans,17,37,0,0.5,0,7,7,1,0,0,0,-7,44.5
2023,3,2023-09-24T17:00Z,Baltimore Ravens,Indianapolis Colts,19,22,0,1,0.5,7,7,0,0,0,0,-7,44
2023,3,2023-09-24T20:05Z,Seattle Seahawks,Carolina Panthers,37,27,1,0.5,0,7,5,0,0,0,0,-4,42
2023,3,2023-09-24T20:25Z,Kansas City Chiefs,Chicago Bears,41,10,1,0.5,0,7,7,0,0,0,0,-9.5,48
2023,3,2023-09-24T20:25Z,Arizona Cardinals,Dallas Cowboys,28,16,1,0,1,7,7,0,0,0,0,6.5,43
2023,3,2023-09-25T00:20Z,Las Vegas Raiders,Pittsburgh Steelers,18,23,0,0.5,0.5,7,6,0,0,0,0,-1.5,43
2023,3,2023-09-25T23:15Z,Tampa Bay Buccaneers,Philadelphia Eagles,11,25,0,1,1,8,10,0,0,0,0,6,46
2023,3,2023-09-26T00:15Z,Cincinnati Bengals,Los Angeles Rams,19,16,1,0,0.5,8,8,0,0,0,0,-7,44
2023,4,2023-09-29T00:15Z,Green Bay Packers,Detroit Lions,20,34,0,0.6666666666666670,0.6666666666666670,4,4,1,1,0,0,1.5,45
2023,4,2023-10-01T13:30Z,Jacksonville Jaguars,Atlanta Falcons,23,7,1,0.3333333333333330,0.6666666666666670,6,6,0,0,0,0,-4,43.5
2023,4,2023-10-01T17:00Z,Buffalo Bills,Miami Dolphins,48,20,1,0.6666666666666670,1,7,7,1,0,0,0,-3.5,53.5
2023,4,2023-10-01T17:00Z,Chicago Bears,Denver Broncos,28,31,0,0,0,6,7,0,0,0,0,1.5,46.5
2023,4,2023-10-01T17:00Z,Cleveland Browns,Baltimore Ravens,3,28,0,0.6666666666666670,0.6666666666666670,7,7,1,0,0,0,-1,40.5
2023,4,2023-10-01T17:00Z,Tennessee Titans,Cincinnati Bengals,27,3,1,0.3333333333333330,0.3333333333333330,7,5,0,0,0,0,4.5,41
2023,4,2023-10-01T17:00Z,Indianapolis Colts,Los Angeles Rams,23,29,0,0.6666666666666670,0.3333333333333330,7,5,0,0,0,0,1,45.5
2023,4,2023-10-01T17:00Z,New Orleans Saints,Tampa Bay Buccaneers,9,26,0,0.6666666666666670,0.6666666666666670,7,5,1,0,0,0,-3.5,39.5
2023,4,2023-10-01T17:00Z,Philadelphia Eagles,Washington Commanders,34,31,1,1,0.6666666666666670,5,7,1,0,0,0,-8.5,43.5
2023,4,2023-10-01T17:00Z,Carolina Panthers,Minnesota Vikings,13,21,0,0,0,6,7,0,0,0,0,1.5,46.5
2023,4,2023-10-01T17:00Z,Houston Texans,Pittsburgh Steelers,30,6,1,0.3333333333333330,0.6666666666666670,7,6,0,0,0,0,3.5,42.5
2023,4,2023-10-01T20:05Z,Los Angeles Chargers,Las Vegas Raiders,24,17,1,0.3333333333333330,0.3333333333333330,7,6,1,0,0,0,-3.5,48.5
2023,4,2023-10-01T20:25Z,Dallas Cowboys,New England Patriots,38,3,1,0.6666666666666670,0.3333333333333330,7,7,0,0,0,0,-3.5,43.5
2023,4,2023-10-01T20:25Z,San Francisco 49ers,Arizona Cardinals,35,16,1,1,0.3333333333333330,9,7,1,0,0,0,-9.5,44
2023,4,2023-10-02T00:20Z,New York Jets,Kansas City Chiefs,20,23,0,0.3333333333333330,0.6666666666666670,7,7,0,0,0,0,1,41.5
2023,4,2023-10-03T00:15Z,New York Giants,Seattle Seahawks,3,24,0,0.3333333333333330,0.6666666666666670,11,8,0,0,0,0,-1,47
2023,5,2023-10-06T00:15Z,Washington Commanders,Chicago Bears,20,40,0,0.5,0,4,4,0,1,0,0,-1.5,44.5
2023,5,2023-10-08T13:30Z,Buffalo Bills,Jacksonville Jaguars,20,25,0,0.75,0.5,6,7,0,0,0,0,-3.5,48.5
2023,5,2023-10-08T17:00Z,Atlanta Falcons,Houston Texans,21,19,1,0.5,0.5,7,7,0,0,0,0,-3,41.5
2023,5,2023-10-08T17:00Z,Detroit Lions,Carolina Panthers,42,24,1,0.75,0,9,7,0,0,0,0,-5,44
2023,5,2023-10-08T17:00Z,Indianapolis Colts,Tennessee Titans,23,16,1,0.5,0.5,7,7,1,0,0,0,-1,43
2023,5,2023-10-08T17:00Z,Miami Dolphins,New York Giants,31,16,1,0.75,0.25,7,5,0,0,0,0,-4.5,47.5
2023,5,2023-10-08T17:00Z,New England Patriots,New Orleans Saints,0,34,0,0.25,0.5,6,7,0,0,0,0,-3,39.5
2023,5,2023-10-08T17:00Z,Pittsburgh Steelers,Baltimore Ravens,17,10,1,0.5,0.75,7,7,1,0,0,0,1,38
2023,5,2023-10-08T20:05Z,Los Angeles Rams,Philadelphia Eagles,14,23,0,0.5,1,7,7,0,0,0,0,4.5,50
2023,5,2023-10-08T20:05Z,Arizona Cardinals,Cincinnati Bengals,20,34,0,0.25,0.25,6,7,0,0,0,0,7.5,44.5
2023,5,2023-10-08T20:25Z,Denver Broncos,New York Jets,21,31,0,0.25,0.25,7,6,0,0,0,0,1,43.5
2023,5,2023-10-08T20:25Z,Minnesota Vikings,Kansas City Chiefs,20,27,0,0.25,0.75,7,6,0,0,0,0,4,52.5
2023,5,2023-10-09T00:20Z,San Francisco 49ers,Dallas Cowboys,42,10,1,1,0.75,7,7,0,0,0,0,-2,45
2023,5,2023-10-10T00:15Z,Las Vegas Raiders,Green Bay Packers,17,13,1,0.25,0.5,8,11,0,0,0,0,-1.5,44.5
2023,6,2023-10-13T00:15Z,Kansas City Chiefs,Denver Broncos,19,8,1,0.8,0.2,4,4,1,1,0,0,-7,47.5
2023,6,2023-10-15T13:30Z,Tennessee Titans,Baltimore Ravens,16,24,0,0.4,0.6,6,6,0,0,0,0,5.5,42
2023,6,2023-10-15T17:00Z,Atlanta Falcons,Washington Commanders,16,24,0,0.6,0.4,7,9,0,0,0,0,-1,42.5
2023,6,2023-10-15T17:00Z,Chicago Bears,Minnesota Vikings,13,19,0,0.2,0.2,9,6,1,0,0,0,1,44
2023,6,2023-10-15T17:00Z,Cincinnati Bengals,Seattle Seahawks,17,13,1,0.4,0.75,6,12,0,0,0,0,-4.5,45
2023,6,2023-10-15T17:00Z,Cleveland Browns,San Francisco 49ers,19,17,1,0.5,1,14,6,0,0,0,0,1,36
2023,6,2023-10-15T17:00Z,Miami Dolphins,Carolina Panthers,42,21,1,0.8,0,7,7,0,0,0,0,-7,47
2023,6,2023-10-15T17:00Z,Jacksonville Jaguars,Indianapolis Colts,37,20,1,0.6,0.6,7,7,1,0,0,0,-6.5,44.5
2023,6,2023-10-15T17:00Z,Houston Texans,New Orleans Saints,20,13,1,0.4,0.6,7,7,0,0,0,0,2.5,42.5
2023,6,2023-10-15T20:05Z,Las Vegas Raiders,New England Patriots,21,17,1,0.4,0.2,5,7,0,0,0,0,1.5,41.5
2023,6,2023-10-15T20:25Z,Los Angeles Rams,Arizona Cardinals,26,9,1,0.4,0.2,7,7,1,0,0,0,-4,42.5
2023,6,2023-10-15T20:25Z,New York Jets,Philadelphia Eagles,20,14,1,0.4,1,7,7,0,0,0,0,-1,48.5
2023,6,2023-10-15T20:25Z,Tampa Bay Buccaneers,Detroit Lions,6,20,0,0.75,0.8,14,7,0,0,0,0,3.5,41
2023,6,2023-10-16T00:20Z,Buffalo Bills,New York Giants,14,9,1,0.6,0.2,7,7,0,0,0,0,-7,44.5
2023,6,2023-10-17T00:15Z,Los Angeles Chargers,Dallas Cowboys,17,20,0,0.5,0.6,15,7,0,0,0,0,-1,51
2023,7,2023-10-20T00:15Z,New Orleans Saints,Jacksonville Jaguars,24,31,0,0.4,0.6,4,4,0,1,0,0,1,41
2023,7,2023-10-22T17:00Z,Chicago Bears,Las Vegas Raiders,30,12,1,0.2,0.4,7,6,0,0,0,0,-1,37.5
2023,7,2023-10-22T17:00Z,Indianapolis Colts,Cleveland Browns,38,39,0,0.6,0.6,7,7,0,0,0,0,3,40.5
2023,7,2023-10-22T17:00Z,New England Patriots,Buffalo Bills,29,25,1,0.2,0.8,6,6,1,0,0,0,2.5,40
2023,7,2023-10-22T17:00Z,New York Giants,Washington Commanders,14,7,1,0.2,0.4,6,7,1,0,0,0,-2.5,37.5
2023,7,2023-10-22T17:00Z,Tampa Bay Buccaneers,Atlanta Falcons,13,16,0,0.6,0.4,6,7,1,0,0,0,1,37
2023,7,2023-10-22T17:00Z,Baltimore Ravens,Detroit Lions,38,6,1,0.6,0.8,7,6,0,0,0,0,-2,43
2023,7,2023-10-22T20:05Z,Los Angeles Rams,Pittsburgh Steelers,17,24,0,0.4,0.6,6,14,0,0,0,0,1,44
2023,7,2023-10-22T20:05Z,Seattle Seahawks,Arizona Cardinals,20,10,1,0.6,0.2,7,6,1,0,0,0,-7,44.5
2023,7,2023-10-22T20:25Z,Denver Broncos,Green Bay Packers,19,17,1,0.2,0.4,9,12,0,0,0,0,-3.5,45
2023,7,2023-10-22T20:25Z,Kansas City Chiefs,Los Angeles Chargers,31,17,1,1,0.4,9,5,1,0,0,0,-5.5,48
2023,7,2023-10-23T00:20Z,Philadelphia Eagles,Miami Dolphins,31,17,1,0.8,0.8,7,7,0,0,0,0,-2.5,51.5
2023,7,2023-10-24T00:15Z,Minnesota Vikings,San Francisco 49ers,22,17,1,0.4,0.8,8,8,0,0,0,0,1,44
2023,8,2023-10-27T00:15Z,Buffalo Bills,Tampa Bay Buccaneers,24,18,1,0.6,0.4,4,4,0,1,0,0,-10,43
2023,8,2023-10-29T17:00Z,Dallas Cowboys,Los Angeles Rams,43,20,1,0.6,0.4,12,6,0,0,0,0,-6,45.5
2023,8,2023-10-29T17:00Z,Green Bay Packers,Minnesota Vikings,10,24,0,0.2,0.6,6,5,1,0,0,0,1,42
2023,8,2023-10-29T17:00Z,Tennessee Titans,Atlanta Falcons,28,23,1,0.4,0.4,14,7,0,0,0,0,-1,35.5
2023,8,2023-10-29T17:00Z,Indianapolis Colts,New Orleans Saints,27,38,0,0.4,0.2,7,9,0,0,0,0,1.5,43.5
2023,8,2023-10-29T17:00Z,Miami Dolphins,New England Patriots,31,17,1,0.6,0.4,6,7,1,0,0,0,-4,47
2023,8,2023-10-29T17:00Z,New York Giants,New York Jets,10,13,0,0.2,0.4,7,13,0,0,0,0,1.5,36.5
2023,8,2023-10-29T17:00Z,Pittsburgh Steelers,Jacksonville Jaguars,10,20,0,0.8,0.8,6,9,0,0,0,0,-1,41
2023,8,2023-10-29T17:00Z,Washington Commanders,Philadelphia Eagles,31,38,0,0.2,0.8,7,6,1,0,0,0,4,43.5
2023,8,2023-10-29T17:00Z,Carolina Panthers,Houston Texans,15,13,1,0,0.6,14,14,0,0,0,0,-3,43.5
2023,8,2023-10-29T20:05Z,Seattle Seahawks,Cleveland Browns,24,20,1,0.8,0.6,7,7,0,0,0,0,-1.5,38
2023,8,2023-10-29T20:25Z,Denver Broncos,Kansas City Chiefs,24,9,1,0.4,1,7,7,1,0,0,0,3.5,47
2023,8,2023-10-29T20:25Z,Arizona Cardinals,Baltimore Ravens,24,31,0,0.2,0.6,7,7,0,0,0,0,5.5,44.5
2023,8,2023-10-29T20:25Z,San Francisco 49ers,Cincinnati Bengals,17,31,0,0.6,0.6,5,14,0,0,0,0,-1,43.5
2023,8,2023-10-30T00:20Z,Los Angeles Chargers,Chicago Bears,30,13,1,0.4,0.4,7,7,0,0,0,0,-5.5,46.5
2023,8,2023-10-31T00:15Z,Detroit Lions,Las Vegas Raiders,26,14,1,0.8,0.4,8,8,0,0,0,0,-3.5,46
2023,9,2023-11-03T00:15Z,Pittsburgh Steelers,Tennessee Titans,20,16,1,0.6,0.4,4,4,0,1,0,0,-4,37
2023,9,2023-11-05T14:30Z,Kansas City Chiefs,Miami Dolphins,21,14,1,0.8,0.6,6,6,0,0,0,0,-5.5,51
2023,9,2023-11-05T18:00Z,Atlanta Falcons,Minnesota Vikings,28,31,0,0.4,0.8,7,7,0,0,0,0,1,37
2023,9,2023-11-05T18:00Z,Cleveland Browns,Arizona Cardinals,27,0,1,0.6,0,6,6,0,0,0,0,-7,37.5
2023,9,2023-11-05T18:00Z,Green Bay Packers,Los Angeles Rams,20,3,1,0.2,0.4,7,7,0,0,0,0,-1.5,38.5
2023,9,2023-11-05T18:00Z,New England Patriots,Washington Commanders,17,20,0,0.2,0.2,7,7,0,0,0,0,-3.5,41
2023,9,2023-11-05T18:00Z,New Orleans Saints,Chicago Bears,24,17,1,0.4,0.4,7,6,0,0,0,0,-2,41
2023,9,2023-11-05T18:00Z,Baltimore Ravens,Seattle Seahawks,37,3,1,0.8,0.8,6,6,0,0,0,0,-2.5,44
2023,9,2023-11-05T18:00Z,Houston Texans,Tampa Bay Buccaneers,39,37,1,0.6,0.2,7,9,0,0,0,0,-1,40
2023,9,2023-11-05T21:05Z,Carolina Panthers,Indianapolis Colts,13,27,0,0.2,0.2,7,7,0,0,0,0,-2.5,44
2023,9,2023-11-05T21:25Z,Las Vegas Raiders,New York Giants,30,6,1,0.4,0.2,5,7,0,0,0,0,-1.5,37
2023,9,2023-11-05T21:25Z,Philadelphia Eagles,Dallas Cowboys,28,23,1,0.8,0.6,7,7,1,0,0,0,-3,47
2023,9,2023-11-06T01:20Z,Cincinnati Bengals,Buffalo Bills,24,18,1,0.8,0.6,7,10,0,0,0,0,-1,49.5
2023,9,2023-11-07T01:15Z,New York Jets,Los Angeles Chargers,6,27,0,0.6,0.6,8,8,0,0,0,0,-2,40
2023,10,2023-11-10T01:15Z,Chicago Bears,Carolina Panthers,16,13,1,0.4,0.2,4,4,0,1,0,0,-2,38
2023,10,2023-11-12T14:30Z,New England Patriots,Indianapolis Colts,6,10,0,0.2,0.4,6,6,0,0,0,0,-5,43
2023,10,2023-11-12T18:00Z,Cincinnati Bengals,Houston Texans,27,30,0,0.8,0.6,6,7,0,0,0,0,-9.5,47
2023,10,2023-11-12T18:00Z,Minnesota Vikings,New Orleans Saints,27,19,1,0.8,0.6,7,7,0,0,0,0,-2.5,40.5
2023,10,2023-11-12T18:00Z,Pittsburgh Steelers,Green Bay Packers,23,19,1,0.6,0.2,9,7,0,0,0,0,-3,39
2023,10,2023-11-12T18:00Z,Tampa Bay Buccaneers,Tennessee Titans,20,6,1,0.2,0.4,7,9,0,0,0,0,1,39.5
2023,10,2023-11-12T18:00Z,Jacksonville Jaguars,San Francisco 49ers,3,34,0,1,0.4,14,13,0,0,0,0,1,45
2023,10,2023-11-12T18:00Z,Baltimore Ravens,Cleveland Browns,31,33,0,0.8,0.6,7,7,1,0,0,0,-3,38
2023,10,2023-11-12T21:05Z,Arizona Cardinals,Atlanta Falcons,25,23,1,0,0.4,7,7,0,0,0,0,1.5,43
2023,10,2023-11-12T21:05Z,Los Angeles Chargers,Detroit Lions,38,41,0,0.6,0.8,5,12,0,0,0,0,-2.5,48.5
2023,10,2023-11-12T21:25Z,Dallas Cowboys,New York Giants,49,17,1,0.6,0.2,7,7,1,0,0,0,-4.5,39
2023,10,2023-11-12T21:25Z,Seattle Seahawks,Washington Commanders,29,26,1,0.6,0.4,7,7,0,0,0,0,-3.5,44.5
2023,10,2023-11-13T01:20Z,Las Vegas Raiders,New York Jets,16,12,1,0.6,0.6,7,6,0,0,0,0,2.5,36.5
2023,10,2023-11-14T01:15Z,Buffalo Bills,Denver Broncos,22,24,0,0.4,0.6,7,15,0,0,0,0,-6,46.5
2023,11,2023-11-17T01:15Z,Baltimore Ravens,Cincinnati Bengals,34,20,1,0.8,0.8,4,4,1,1,0,0,1,46.5
2023,11,2023-11-19T18:00Z,Cleveland Browns,Pittsburgh Steelers,13,10,1,0.8,0.8,7,7,1,0,0,0,-1.5,33
2023,11,2023-11-19T18:00Z,Detroit Lions,Chicago Bears,31,26,1,0.8,0.4,6,9,1,0,0,0,-5,48
2023,11,2023-11-19T18:00Z,Green Bay Packers,Los Angeles Chargers,23,20,1,0.2,0.4,7,6,0,0,0,0,2.5,44
2023,11,2023-11-19T18:00Z,Miami Dolphins,Las Vegas Raiders,20,13,1,0.6,0.6,14,6,0,0,0,0,-5.5,46.5
2023,11,2023-11-19T18:00Z,Washington Commanders,New York Giants,19,31,0,0.4,0.2,6,6,1,0,0,0,1.5,37
2023,11,2023-11-19T18:00Z,Carolina Panthers,Dallas Cowboys,10,33,0,0.2,0.6,9,6,0,0,0,0,3.5,42.5
2023,11,2023-11-19T18:00Z,Jacksonville Jaguars,Tennessee Titans,34,14,1,0.8,0.2,7,7,1,0,0,0,-4.5,40
2023,11,2023-11-19T18:00Z,Houston Texans,Arizona Cardinals,21,16,1,0.6,0.2,7,6,0,0,0,0,-1.5,49
2023,11,2023-11-19T21:05Z,San Francisco 49ers,Tampa Bay Buccaneers,27,14,1,0.4,0.2,7,7,0,0,0,0,-7.5,41.5
2023,11,2023-11-19T21:25Z,Buffalo Bills,New York Jets,32,6,1,0.4,0.6,5,6,1,0,0,0,-3.5,39.5
2023,11,2023-11-19T21:25Z,Los Angeles Rams,Seattle Seahawks,17,16,1,0.2,0.6,14,7,1,0,0,0,1.5,46.5
2023,11,2023-11-20T01:20Z,Denver Broncos,Minnesota Vikings,21,20,1,0.6,1,6,7,0,0,0,0,-2,42.5
2023,11,2023-11-21T01:15Z,Kansas City Chiefs,Philadelphia Eagles,17,21,0,0.8,0.8,15,15,0,0,0,0,-3,45.5
2023,12,2023-11-23T17:30Z,Detroit Lions,Green Bay Packers,22,29,0,0.8,0.4,3,3,1,1,0,0,-4,47
2023,12,2023-11-23T21:30Z,Dallas Cowboys,Washington Commanders,45,10,1,0.8,0.2,4,4,1,1,0,0,-5.5,47.5
2023,12,2023-11-24T01:20Z,Seattle Seahawks,San Francisco 49ers,13,31,0,0.6,0.4,4,4,1,1,0,0,1.5,43.5
2023,12,2023-11-24T20:00Z,New York Jets,Miami Dolphins,13,34,0,0.4,0.6,4,5,1,0,0,0,-2.5,41
2023,12,2023-11-26T18:00Z,Atlanta Falcons,New Orleans Saints,24,15,1,0.2,0.4,13,14,1,0,0,0,1,42
2023,12,2023-11-26T18:00Z,Cincinnati Bengals,Pittsburgh Steelers,10,16,0,0.6,0.6,9,7,1,0,0,0,-4.5,35.5
2023,12,2023-11-26T18:00Z,Tennessee Titans,Carolina Panthers,17,10,1,0.2,0.2,7,7,0,0,0,0,-1,36.5
2023,12,2023-11-26T18:00Z,Indianapolis Colts,Tampa Bay Buccaneers,27,20,1,0.4,0.2,14,6,0,0,0,0,-1,44
2023,12,2023-11-26T18:00Z,New York Giants,New England Patriots,10,7,1,0.4,0.2,7,14,0,0,0,0,-1.5,33.5
2023,12,2023-11-26T18:00Z,Houston Texans,Jacksonville Jaguars,21,24,0,0.8,0.8,7,7,1,0,0,0,4.5,47.5
2023,12,2023-11-26T21:05Z,Denver Broncos,Cleveland Browns,29,12,1,0.8,0.8,6,7,0,0,0,0,-1,36
2023,12,2023-11-26T21:05Z,Arizona Cardinals,Los Angeles Rams,14,37,0,0.2,0.4,7,6,1,0,0,0,2,44.5
2023,12,2023-11-26T21:25Z,Las Vegas Raiders,Kansas City Chiefs,17,31,0,0.4,0.6,7,5,1,0,0,0,5,43
2023,12,2023-11-26T21:25Z,Philadelphia Eagles,Buffalo Bills,37,34,1,0.8,0.4,5,7,0,0,0,0,-1.5,48.5
2023,12,2023-11-27T01:20Z,Los Angeles Chargers,Baltimore Ravens,10,20,0,0.4,0.8,7,10,0,0,0,0,-2,48
2023,12,2023-11-28T01:15Z,Minnesota Vikings,Chicago Bears,10,12,0,0.8,0.4,7,8,1,0,0,0,-3.5,43
2023,13,2023-12-01T01:15Z,Dallas Cowboys,Seattle Seahawks,41,35,1,0.8,0.4,7,6,0,1,0,0,-3.5,47.5
2023,13,2023-12-03T18:00Z,Tennessee Titans,Indianapolis Colts,28,31,0,0.4,0.6,7,7,1,0,0,0,-2.5,42.5
2023,13,2023-12-03T18:00Z,New England Patriots,Los Angeles Chargers,0,6,0,0.2,0.4,7,6,0,0,0,0,1.5,40.5
2023,13,2023-12-03T18:00Z,New Orleans Saints,Detroit Lions,28,33,0,0.4,0.6,7,10,0,0,0,0,1.5,47
2023,13,2023-12-03T18:00Z,New York Jets,Atlanta Falcons,8,13,0,0.2,0.4,8,7,0,0,0,0,-6.5,34
2023,13,2023-12-03T18:00Z,Pittsburgh Steelers,Arizona Cardinals,10,24,0,0.6,0.2,7,6,0,0,0,0,-6.5,41
2023,13,2023-12-03T18:00Z,Washington Commanders,Miami Dolphins,15,45,0,0.2,0.6,9,8,0,0,0,0,3.5,49.5
2023,13,2023-12-03T18:00Z,Houston Texans,Denver Broncos,22,17,1,0.6,1,7,6,0,0,0,0,4,47.5
2023,13,2023-12-03T21:05Z,Tampa Bay Buccaneers,Carolina Panthers,21,18,1,0.2,0.2,7,7,1,0,0,0,1,37
2023,13,2023-12-03T21:25Z,Los Angeles Rams,Cleveland Browns,36,19,1,0.4,0.6,7,7,0,0,0,0,1,40.5
2023,13,2023-12-03T21:25Z,Philadelphia Eagles,San Francisco 49ers,19,42,0,1,0.6,7,9,0,0,0,0,-2.5,47.5
2023,13,2023-12-04T01:20Z,Green Bay Packers,Kansas City Chiefs,27,19,1,0.6,0.6,10,7,0,0,0,0,5.5,42.5
2023,13,2023-12-05T01:15Z,Jacksonville Jaguars,Cincinnati Bengals,31,34,0,0.8,0.4,8,8,0,0,0,0,1,38.5
2023,14,2023-12-08T01:15Z,Pittsburgh Steelers,New England Patriots,18,21,0,0.6,0,4,4,0,1,0,0,-1,30.5
2023,14,2023-12-10T18:00Z,Atlanta Falcons,Tampa Bay Buccaneers,25,29,0,0.4,0.4,7,6,1,0,0,0,-2.5,41
2023,14,2023-12-10T18:00Z,Chicago Bears,Detroit Lions,28,13,1,0.4,0.8,12,7,1,0,0,0,1.5,42.5
2023,14,2023-12-10T18:00Z,Cincinnati Bengals,Indianapolis Colts,34,14,1,0.4,0.8,5,7,0,0,0,0,-9,44
2023,14,2023-12-10T18:00Z,Cleveland Browns,Jacksonville Jaguars,31,27,1,0.6,0.6,6,5,0,0,0,0,-1,32
2023,14,2023-12-10T18:00Z,New Orleans Saints,Carolina Panthers,28,6,1,0.4,0,7,6,1,0,0,0,-2.5,38
2023,14,2023-12-10T18:00Z,New York Jets,Houston Texans,30,6,1,0,0.8,7,7,0,0,0,0,-8.5,33
2023,14,2023-12-10T18:00Z,Baltimore Ravens,Los Angeles Rams,37,31,1,0.8,0.6,13,6,0,0,0,0,-5,40
2023,14,2023-12-10T21:05Z,Las Vegas Raiders,Minnesota Vikings,0,3,0,0.4,0.6,13,12,0,0,0,0,-1.5,40.5
2023,14,2023-12-10T21:05Z,San Francisco 49ers,Seattle Seahawks,28,16,1,0.8,0.2,6,9,1,0,0,0,-3.5,46.5
2023,14,2023-12-10T21:25Z,Kansas City Chiefs,Buffalo Bills,17,20,0,0.4,0.4,6,14,0,0,0,0,-3.5,48.5
2023,14,2023-12-10T21:25Z,Los Angeles Chargers,Denver Broncos,7,24,0,0.4,0.8,7,7,1,0,0,0,-3,44
2023,14,2023-12-11T01:20Z,Dallas Cowboys,Philadelphia Eagles,33,13,1,0.8,0.8,10,7,1,0,0,0,-1,51.5
2023,14,2023-12-12T01:15Z,Miami Dolphins,Tennessee Titans,27,28,0,0.8,0.2,8,8,0,0,0,0,-7.5,46.5
2023,14,2023-12-12T01:15Z,New York Giants,Green Bay Packers,24,22,1,0.4,0.8,15,7,0,0,0,0,-2.5,36.5
2023,15,2023-12-15T01:15Z,Las Vegas Raiders,Los Angeles Chargers,63,21,1,0.4,0.2,4,4,1,1,0,0,1.5,36
2023,15,2023-12-16T18:00Z,Cincinnati Bengals,Minnesota Vikings,27,24,1,0.4,0.6,6,5,0,0,0,0,-5,40.5
2023,15,2023-12-16T21:30Z,Indianapolis Colts,Pittsburgh Steelers,30,13,1,0.8,0.4,6,8,0,0,0,0,2.5,42.5
2023,15,2023-12-17T01:15Z,Detroit Lions,Denver Broncos,42,17,1,0.6,0.8,6,6,0,0,0,0,-2,48
2023,15,2023-12-17T18:00Z,Cleveland Browns,Chicago Bears,20,17,1,0.6,0.6,7,7,0,0,0,0,-3.5,38.5
2023,15,2023-12-17T18:00Z,Green Bay Packers,Tampa Bay Buccaneers,20,34,0,0.6,0.6,5,7,0,0,0,0,-3.5,33.5
2023,15,2023-12-17T18:00Z,Tennessee Titans,Houston Texans,16,19,0,0.4,0.6,5,7,1,0,0,0,-3,42
2023,15,2023-12-17T18:00Z,Miami Dolphins,New York Jets,30,0,1,0.6,0.2,5,7,1,0,0,0,-1.5,37
2023,15,2023-12-17T18:00Z,New England Patriots,Kansas City Chiefs,17,27,0,0.2,0.4,9,6,0,0,0,0,3.5,37
2023,15,2023-12-17T18:00Z,New Orleans Saints,New York Giants,24,6,1,0.4,0.6,7,5,0,0,0,0,-1,39
2023,15,2023-12-17T18:00Z,Carolina Panthers,Atlanta Falcons,9,7,1,0,0.4,7,7,1,0,0,0,-1,37
2023,15,2023-12-17T21:05Z,Los Angeles Rams,Washington Commanders,28,20,1,0.6,0.2,7,14,0,0,0,0,-1,50.5
2023,15,2023-12-17T21:05Z,Arizona Cardinals,San Francisco 49ers,29,45,0,0.4,1,14,7,1,0,0,0,6.5,48
2023,15,2023-12-17T21:25Z,Buffalo Bills,Dallas Cowboys,31,10,1,0.4,1,7,6,0,0,0,0,-4,50.5
2023,15,2023-12-18T01:20Z,Jacksonville Jaguars,Baltimore Ravens,7,23,0,0.4,0.8,7,7,0,0,0,0,-1,42.5
2023,15,2023-12-19T01:15Z,Seattle Seahawks,Philadelphia Eagles,20,17,1,0.2,0.6,8,7,0,0,0,0,2,47.5
2023,16,2023-12-22T01:15Z,Los Angeles Rams,New Orleans Saints,30,22,1,0.8,0.4,4,4,0,1,0,0,-1,45.5
2023,16,2023-12-23T21:30Z,Pittsburgh Steelers,Cincinnati Bengals,34,11,1,0.2,0.6,7,7,1,0,0,0,2.5,38
2023,16,2023-12-24T01:00Z,Los Angeles Chargers,Buffalo Bills,22,24,0,0.2,0.6,8,6,0,0,0,0,1,44
2023,16,2023-12-24T18:00Z,Atlanta Falcons,Indianapolis Colts,29,10,1,0.4,0.8,7,7,0,0,0,0,-2.5,44.5
2023,16,2023-12-24T18:00Z,Tennessee Titans,Seattle Seahawks,17,20,0,0.4,0.2,7,5,0,0,0,0,2,41.5
2023,16,2023-12-24T18:00Z,Minnesota Vikings,Detroit Lions,24,30,0,0.4,0.6,8,7,1,0,0,0,-1,47.5
2023,16,2023-12-24T18:00Z,New York Jets,Washington Commanders,30,28,1,0.2,0,7,6,0,0,0,0,-5.5,37
2023,16,2023-12-24T18:00Z,Carolina Panthers,Green Bay Packers,30,33,0,0.2,0.6,7,7,0,0,0,0,1,37.5
2023,16,2023-12-24T18:00Z,Houston Texans,Cleveland Browns,22,36,0,0.6,0.6,7,7,0,0,0,0,4,40
2023,16,2023-12-24T21:05Z,Tampa Bay Buccaneers,Jacksonville Jaguars,30,12,1,0.6,0.4,7,6,0,0,0,0,3.5,41
2023,16,2023-12-24T21:25Z,Chicago Bears,Arizona Cardinals,27,16,1,0.6,0.4,7,7,0,0,0,0,-4.5,43
2023,16,2023-12-24T21:25Z,Miami Dolphins,Dallas Cowboys,22,20,1,0.8,0.8,7,7,0,0,0,0,-1.5,50
2023,16,2023-12-25T01:15Z,Denver Broncos,New England Patriots,23,26,0,0.6,0.2,8,7,0,0,0,0,-1.5,34
2023,16,2023-12-25T18:00Z,Kansas City Chiefs,Las Vegas Raiders,14,20,0,0.4,0.4,8,10,1,0,0,0,-8.5,41
2023,16,2023-12-25T21:30Z,Philadelphia Eagles,New York Giants,33,25,1,0.4,0.6,6,8,1,0,0,0,-7,43
2023,16,2023-12-26T01:15Z,San Francisco 49ers,Baltimore Ravens,19,33,0,1,0.8,8,7,0,0,0,0,-3,47
2023,17,2023-12-29T01:15Z,Cleveland Browns,New York Jets,37,20,1,0.6,0.4,4,4,0,1,0,0,-7.5,33.5
2023,17,2023-12-31T01:15Z,Dallas Cowboys,Detroit Lions,20,19,1,0.6,0.6,6,6,0,0,0,0,-5.5,52.5
2023,17,2023-12-31T18:00Z,Buffalo Bills,New England Patriots,27,21,1,0.8,0.4,7,6,1,0,0,0,-14,40
2023,17,2023-12-31T18:00Z,Chicago Bears,Atlanta Falcons,37,17,1,0.6,0.6,6,7,0,0,0,0,-2.5,38
2023,17,2023-12-31T18:00Z,Indianapolis Colts,Las Vegas Raiders,23,20,1,0.6,0.4,7,6,0,0,0,0,-4,43.5
2023,17,2023-12-31T18:00Z,New York Giants,Los Angeles Rams,25,26,0,0.6,0.8,5,9,0,0,0,0,6,44.5
2023,17,2023-12-31T18:00Z,Philadelphia Eagles,Arizona Cardinals,31,35,0,0.4,0.2,5,6,0,0,0,0,-12,48
2023,17,2023-12-31T18:00Z,Tampa Bay Buccaneers,New Orleans Saints,13,23,0,0.8,0.4,6,9,1,0,0,0,-2.5,42.5
2023,17,2023-12-31T18:00Z,Washington Commanders,San Francisco 49ers,10,27,0,0,0.8,7,5,0,0,0,0,13.5,49.5
2023,17,2023-12-31T18:00Z,Jacksonville Jaguars,Carolina Panthers,26,0,1,0.2,0.2,6,7,0,0,0,0,-6,38
2023,17,2023-12-31T18:00Z,Baltimore Ravens,Miami Dolphins,56,19,1,1,0.8,5,6,0,0,0,0,-3,47
2023,17,2023-12-31T18:00Z,Houston Texans,Tennessee Titans,26,3,1,0.4,0.4,7,7,1,0,0,0,-4,44
2023,17,2023-12-31T21:05Z,Seattle Seahawks,Pittsburgh Steelers,23,30,0,0.4,0.4,7,7,0,0,0,0,-4,41
2023,17,2023-12-31T21:25Z,Denver Broncos,Los Angeles Chargers,16,9,1,0.4,0.2,6,7,1,0,0,0,-3.5,36.5
2023,17,2023-12-31T21:25Z,Kansas City Chiefs,Cincinnati Bengals,25,17,1,0.4,0.6,6,7,0,0,0,0,-6.5,44
2023,17,2024-01-01T01:20Z,Minnesota Vikings,Green Bay Packers,10,33,0,0.2,0.6,7,7,1,0,0,0,-1,43.5
2023,18,2024-01-06T21:30Z,Baltimore Ravens,Pittsburgh Steelers,10,17,0,1,0.4,6,6,1,0,0,0,-3.5,34.5
2023,18,2024-01-07T01:15Z,Indianapolis Colts,Houston Texans,19,23,0,0.6,0.6,6,6,1,0,0,0,-1.5,47.5
2023,18,2024-01-07T18:00Z,Cincinnati Bengals,Cleveland Browns,31,14,1,0.6,0.8,6,9,1,0,0,0,-4,37
2023,18,2024-01-07T18:00Z,Detroit Lions,Minnesota Vikings,30,20,1,0.6,0.2,7,6,1,0,0,0,-2.5,46
2023,18,2024-01-07T18:00Z,Tennessee Titans,Jacksonville Jaguars,28,20,1,0.2,0.2,7,7,1,0,0,0,2.5,42
2023,18,2024-01-07T18:00Z,New England Patriots,New York Jets,3,17,0,0.4,0.4,7,9,1,0,0,0,1,30
2023,18,2024-01-07T18:00Z,New Orleans Saints,Atlanta Falcons,48,17,1,0.6,0.4,7,7,1,0,0,0,-2.5,42
2023,18,2024-01-07T18:00Z,Carolina Panthers,Tampa Bay Buccaneers,0,9,0,0.2,0.8,7,7,1,0,0,0,-2.5,36.5
2023,18,2024-01-07T21:25Z,Green Bay Packers,Chicago Bears,17,9,1,0.6,0.8,6,7,1,0,0,0,-2,45
2023,18,2024-01-07T21:25Z,Las Vegas Raiders,Denver Broncos,27,14,1,0.4,0.4,7,7,1,0,0,0,1,37
2023,18,2024-01-07T21:25Z,New York Giants,Philadelphia Eagles,27,10,1,0.4,0.2,7,7,1,0,0,0,2.5,42
2023,18,2024-01-07T21:25Z,Arizona Cardinals,Seattle Seahawks,20,21,0,0.4,0.4,7,7,1,0,0,0,4.5,47.5
2023,18,2024-01-07T21:25Z,Los Angeles Chargers,Kansas City Chiefs,12,13,0,0.2,0.4,7,7,1,0,0,0,2,35.5
2023,18,2024-01-07T21:25Z,San Francisco 49ers,Los Angeles Rams,20,21,0,0.8,0.8,7,7,1,0,0,0,-6,41
2023,18,2024-01-07T21:25Z,Washington Commanders,Dallas Cowboys,10,38,0,0,0.6,7,7,1,0,0,0,3,46.5
2023,18,2024-01-08T01:20Z,Miami Dolphins,Buffalo Bills,14,21,0,0.6,0.8,7,7,1,0,0,0,-1.5,48.5